{"trial_id": "7e0f513421e8d32333f324fe11497f8a", "hyperparameters": {"space": [{"class_name": "Int", "config": {"name": "num_layers", "default": null, "conditions": [], "min_value": 2, "max_value": 20, "step": 1, "sampling": null}}, {"class_name": "Int", "config": {"name": "units_0", "default": null, "conditions": [], "min_value": 32, "max_value": 512, "step": 32, "sampling": null}}, {"class_name": "Float", "config": {"name": "dropout", "default": 0.005, "conditions": [], "min_value": 0.0, "max_value": 0.1, "step": 0.01, "sampling": null}}, {"class_name": "Int", "config": {"name": "units_1", "default": null, "conditions": [], "min_value": 32, "max_value": 512, "step": 32, "sampling": null}}, {"class_name": "Choice", "config": {"name": "learning_rate", "default": 0.01, "conditions": [], "values": [0.01, 0.001, 0.0001], "ordered": true}}, {"class_name": "Int", "config": {"name": "units_2", "default": null, "conditions": [], "min_value": 32, "max_value": 512, "step": 32, "sampling": null}}, {"class_name": "Int", "config": {"name": "units_3", "default": null, "conditions": [], "min_value": 32, "max_value": 512, "step": 32, "sampling": null}}, {"class_name": "Int", "config": {"name": "units_4", "default": null, "conditions": [], "min_value": 32, "max_value": 512, "step": 32, "sampling": null}}, {"class_name": "Int", "config": {"name": "units_5", "default": null, "conditions": [], "min_value": 32, "max_value": 512, "step": 32, "sampling": null}}, {"class_name": "Int", "config": {"name": "units_6", "default": null, "conditions": [], "min_value": 32, "max_value": 512, "step": 32, "sampling": null}}, {"class_name": "Int", "config": {"name": "units_7", "default": null, "conditions": [], "min_value": 32, "max_value": 512, "step": 32, "sampling": null}}, {"class_name": "Int", "config": {"name": "units_8", "default": null, "conditions": [], "min_value": 32, "max_value": 512, "step": 32, "sampling": null}}, {"class_name": "Int", "config": {"name": "units_9", "default": null, "conditions": [], "min_value": 32, "max_value": 512, "step": 32, "sampling": null}}, {"class_name": "Int", "config": {"name": "units_10", "default": null, "conditions": [], "min_value": 32, "max_value": 512, "step": 32, "sampling": null}}], "values": {"num_layers": 11, "units_0": 320, "dropout": 0.1, "units_1": 480, "learning_rate": 0.001, "units_2": 32, "units_3": 32, "units_4": 32, "units_5": 32, "units_6": 32, "units_7": 32, "units_8": 32, "units_9": 32, "units_10": 32}}, "metrics": {"metrics": {"loss": {"direction": "min", "observations": [{"value": [100.08899561564128], "step": 0}]}, "mse": {"direction": "min", "observations": [{"value": [100.08899561564128], "step": 0}]}, "val_loss": {"direction": "min", "observations": [{"value": [49.51632849375407], "step": 0}]}, "val_mse": {"direction": "min", "observations": [{"value": [49.51632849375407], "step": 0}]}}}, "score": 49.51632849375407, "best_step": 0, "status": "COMPLETED"}